{
    "ASCCDCV": {
        "json average": 1617.6776881920946,
        "json_compressed_zlib average": 921.797496422977,
        "json_compressed_gzip average": 1015.797496422977,
        "json_compressed_bz2 average": 1117.5153761129457,
        "json_compressed_lz4 average": 1349.12223585974,
        "json_compressed_zstd average": 1018.661372898711,
        "proto average": 238.93964494232685,
        "proto_compressed_zlib average": 310.31489329960874,
        "proto_compressed_gzip average": 404.31489329960874,
        "proto_compressed_bz2 average": 688.2568607639572,
        "proto_compressed_lz4 average": 420.6741959327045,
        "proto_compressed_zstd average": 311.6777763462151
    },
    "ARGAZAL": {
        "json average": 3918.1287473476123,
        "json_compressed_zlib average": 1481.7829304122308,
        "json_compressed_gzip average": 1575.7829304122308,
        "json_compressed_bz2 average": 1617.932951268612,
        "json_compressed_lz4 average": 2631.0215455485227,
        "json_compressed_zstd average": 1641.7880991675584,
        "proto average": 500.12577304630116,
        "proto_compressed_zlib average": 577.9914216797548,
        "proto_compressed_gzip average": 671.9914216797548,
        "proto_compressed_bz2 average": 1005.5225702315965,
        "proto_compressed_lz4 average": 682.0720179908957,
        "proto_compressed_zstd average": 573.0842053718784
    },
    "ARMAZAL": {
        "json average": 5046.029918002511,
        "json_compressed_zlib average": 1527.722168870503,
        "json_compressed_gzip average": 1621.722168870503,
        "json_compressed_bz2 average": 1743.7239417891703,
        "json_compressed_lz4 average": 2770.2199157863633,
        "json_compressed_zstd average": 1608.3455713969122,
        "proto average": 640.263573908547,
        "proto_compressed_zlib average": 555.8128832089828,
        "proto_compressed_gzip average": 649.8128832089828,
        "proto_compressed_bz2 average": 979.0481642904632,
        "proto_compressed_lz4 average": 702.9878850557731,
        "proto_compressed_zstd average": 589.9781340031026
    },
    "BWQAS": {
        "json average": 2372.1246456489994,
        "json_compressed_zlib average": 1642.0531168570856,
        "json_compressed_gzip average": 1736.0531168570856,
        "json_compressed_bz2 average": 1912.3526902041635,
        "json_compressed_lz4 average": 2204.1987515391,
        "json_compressed_zstd average": 1684.281476390917,
        "proto average": 760.9198522463706,
        "proto_compressed_zlib average": 746.8874094436331,
        "proto_compressed_gzip average": 840.8874094436331,
        "proto_compressed_bz2 average": 1148.8746384903932,
        "proto_compressed_lz4 average": 903.2000973570426,
        "proto_compressed_zstd average": 827.8986914068092
    },
    "BWSAS": {
        "json average": 3913.167049912079,
        "json_compressed_zlib average": 2353.180305694576,
        "json_compressed_gzip average": 2447.180305694576,
        "json_compressed_bz2 average": 2587.251318815095,
        "json_compressed_lz4 average": 3355.8751521709723,
        "json_compressed_zstd average": 2524.444068713648,
        "proto average": 1072.1385094007844,
        "proto_compressed_zlib average": 1001.1909914784255,
        "proto_compressed_gzip average": 1095.1909914784255,
        "proto_compressed_bz2 average": 1447.708372785067,
        "proto_compressed_lz4 average": 1176.2421209251995,
        "proto_compressed_zstd average": 1074.69511700257
    },
    "IOTNL": {
        "json average": 2000.6294881300976,
        "json_compressed_zlib average": 1323.7930527453468,
        "json_compressed_gzip average": 1417.7930527453468,
        "json_compressed_bz2 average": 1490.8027589615983,
        "json_compressed_lz4 average": 1892.4504279197195,
        "json_compressed_zstd average": 1417.0849597633978,
        "proto average": 462.77958887869534,
        "proto_compressed_zlib average": 526.9202724610725,
        "proto_compressed_gzip average": 620.9202724610725,
        "proto_compressed_bz2 average": 962.5207634272117,
        "proto_compressed_lz4 average": 637.7841634096175,
        "proto_compressed_zstd average": 533.8571841500044
    },
    "IOTTEMP": {
        "json average": 1016.4804827572076,
        "json_compressed_zlib average": 951.1802348216298,
        "json_compressed_gzip average": 1045.1802348216297,
        "json_compressed_bz2 average": 1130.057353031576,
        "json_compressed_lz4 average": 1196.4418785730386,
        "json_compressed_zstd average": 955.313771694363,
        "proto average": 501.48048275720754,
        "proto_compressed_zlib average": 568.3466385263201,
        "proto_compressed_gzip average": 662.3466385263201,
        "proto_compressed_bz2 average": 946.6131385365654,
        "proto_compressed_lz4 average": 684.4804827572076,
        "proto_compressed_zstd average": 575.4804827572076
    },
    "IOT1": {
        "json average": 1864.48892043404,
        "json_compressed_zlib average": 1471.6909992060246,
        "json_compressed_gzip average": 1565.6909992060246,
        "json_compressed_bz2 average": 1687.6495200057743,
        "json_compressed_lz4 average": 2016.2838341794384,
        "json_compressed_zstd average": 1526.2910280778576,
        "proto average": 386.1016769723071,
        "proto_compressed_zlib average": 463.86143926088107,
        "proto_compressed_gzip average": 557.8614392608811,
        "proto_compressed_bz2 average": 907.4718619926376,
        "proto_compressed_lz4 average": 569.1016769723071,
        "proto_compressed_zstd average": 460.1016769723071
    },
    "IOT2": {
        "json average": 1924.8704317586748,
        "json_compressed_zlib average": 1541.9217470057881,
        "json_compressed_gzip average": 1635.9217470057881,
        "json_compressed_bz2 average": 1770.8318480803953,
        "json_compressed_lz4 average": 2079.3967047704195,
        "json_compressed_zstd average": 1586.3520717101405,
        "proto average": 522.993410701949,
        "proto_compressed_zlib average": 596.8871517396327,
        "proto_compressed_gzip average": 690.8871517396327,
        "proto_compressed_bz2 average": 1009.6536003111775,
        "proto_compressed_lz4 average": 705.993410701949,
        "proto_compressed_zstd average": 596.993410701949
    },
    "IOT3": {
        "json average": 1856.6542364866862,
        "json_compressed_zlib average": 1464.399509412773,
        "json_compressed_gzip average": 1558.399509412773,
        "json_compressed_bz2 average": 1678.7507107604101,
        "json_compressed_lz4 average": 2009.7220143629754,
        "json_compressed_zstd average": 1520.3403966072642,
        "proto average": 385.1644767562136,
        "proto_compressed_zlib average": 462.11599728108285,
        "proto_compressed_gzip average": 556.1159972810829,
        "proto_compressed_bz2 average": 907.8229334751899,
        "proto_compressed_lz4 average": 568.1644767562136,
        "proto_compressed_zstd average": 459.1644767562136
    },
    "IOT4": {
        "json average": 1896.8573527447577,
        "json_compressed_zlib average": 1522.7050888206224,
        "json_compressed_gzip average": 1616.7050888206224,
        "json_compressed_bz2 average": 1751.714839054361,
        "json_compressed_lz4 average": 2046.3067984506479,
        "json_compressed_zstd average": 1568.5866168024577,
        "proto average": 522.7512577356307,
        "proto_compressed_zlib average": 596.7397266372824,
        "proto_compressed_gzip average": 690.7397266372824,
        "proto_compressed_bz2 average": 1012.9893148123414,
        "proto_compressed_lz4 average": 705.7512577356307,
        "proto_compressed_zstd average": 596.7512577356307
    },
    "IOT6": {
        "json average": 1891.292498627128,
        "json_compressed_zlib average": 1515.8795167490389,
        "json_compressed_gzip average": 1609.8795167490389,
        "json_compressed_bz2 average": 1747.393893465129,